TITULO_ORIGINAL;GENEROS;ANO_LANCAMENTO;CLASSIFICACAO
47 RONIN;Drama, Ação, Fantasia;2013;14
ATÉ QUE A SORTE NOS SEPARE 2;Comédia;2013;12
CONFISSÕES DE ADOLESCENTE - O FILME;Comédia, Família;2014;12
DEVIL'S DUE;Terror;2014;Sem Classificacao
ENDER'S GAME;Ficção científica, Ação, Aventura;2013;10
FROZEN;Animação, Família, Aventura, Fantasia;2013;L
I, FRANKENSTEIN;Terror, Thriller;2014;12
MUITA CALMA NESSA HORA 2;Comédia;2014;Sem Classificacao
PARANORMAL ACTIVITY: THE MARKED ONES;Terror, Thriller;2014;14
TARZAN;Animação, Família, Aventura;1999;L
THE BOOK THIEF;Drama;2013;10
THE HOBBIT: THE DESOLATION OF SMAUG;Fantasia, Aventura, Ação;2013;12
THE SECRET LIFE OF WALTER MITTY;Aventura, Comédia, Drama, Fantasia;2013;10
THE WOLF OF WALL STREET;Crime, Drama, Comédia;2013;18
WALKING WITH DINOSAURS;Animação, Família, Aventura;2013;L
AMERICAN HUSTLE;Drama, Crime;2013;14
AUGUST: OSAGE COUNTY;Comédia, Drama;2013;14
CAPTAIN PHILLIPS;Ação, Drama, Thriller;2013;14
DELIVERY MAN;Comédia;2013;12
GRAVITY;Ficção científica, Thriller, Drama;2013;12
GRUDGE MATCH;Comédia;2013;12
LAST VEGAS;Comédia;2013;12
PHILOMENA;Drama;2013;10
12 YEARS A SLAVE;Drama, História;2013;14
NYMPHOMANIAC: VOL. I;Drama;2013;18
BIG HERO 6;Aventura, Família, Animação, Ação, Comédia;2014;L
EXODUS: GODS AND KINGS;Aventura, Drama, Ação;2014;14
INTO THE WOODS;Fantasia, Comédia;2014;12
LOUCAS PRA CASAR;Comédia;2015;14
NIGHT AT THE MUSEUM: SECRET OF THE TOMB;Aventura, Comédia, Fantasia, Família;2014;L
OS CARAS DE PAU;Comédia;2014;Sem Classificacao
OUIJA;Terror;2014;14
TAKEN 3;Thriller, Ação;2014;16
THE PENGUINS OF MADAGASCAR;Animação;2009;Sem Classificacao
A NOITE DA VIRADA;Comédia;2014;16
BOYHOOD;Drama;2014;14
NIGHTCRAWLER;Crime, Drama, Thriller;2014;14
RELATOS SALVAJES;Drama, Thriller, Comédia;2014;14
THE IMITATION GAME;História, Drama, Thriller, Guerra;2014;12
THE THEORY OF EVERYTHING;Drama, Romance;2014;10
UNBROKEN;Drama, Guerra;2014;14
WHIPLASH;Drama, Música, Thriller;2014;12
THE HOBBIT: BATTLE OF THE FIVE ARMIES;Ação, Aventura, Fantasia;2014;12
BIRDMAN: OR (THE UNEXPECTED VIRTUE OF IGNORANCE);Drama, Comédia;2014;16
DUMB AND DUMBER TO;Comédia;2014;12
INTERSTELLAR;Aventura, Drama, Ficção científica;2014;10
THE HUNGER GAMES: MOCKINGJAY- PART 1;Ficção científica, Aventura, Thriller;2014;14
THE WOMAN IN BLACK 2 ANGEL OF DEATH;Thriller, Terror, Drama;2014;Sem Classificacao
FOXCATCHER;Drama, Thriller;2014;14
MEN, WOMEN & CHILDREN;Drama, Comédia;2014;14
ALVIN AND THE CHIPMUNKS: THE ROAD CHIP;Família, Comédia, Música, Aventura, Animação;2015;L
ATÉ QUE A SORTE NOS SEPARE 3;Comédia;2015;14
CREED;Drama;2015;12
DADDY'S HOME;Comédia;2015;12
OS DEZ MANDAMENTOS;Drama, História;1956;L
PEANUTS THE MOVIE;Comédia, Animação, Família;2015;L
REZA A LENDA;Ação, Romance, Faroeste;2016;Sem Classificacao
STAR WARS: EPISODE VII - THE FORCE AWAKENS;Aventura, Ação, Ficção científica;2015;12
THE 5TH WAVE;Ficção científica, Aventura, Ação;2016;14
THE GOOD DINOSAUR;Aventura, Animação, Família;2015;L
VAI QUE DÁ CERTO 2;Comédia;2016;14
CAROL;Romance, Drama;2015;14
JOY;Drama, Comédia;2015;10
POINT BREAK;Ação, Thriller, Crime;1991;16
THE BIG SHORT;Comédia, Drama;2015;14
THE HATEFUL EIGHT;Drama, Mistério, Faroeste;2015;18
HOTEL TRANSYLVANIA 2;Animação, Comédia, Família, Fantasia;2015;L
IN THE HEART OF THE SEA;Thriller, Drama, Aventura, Ação, História;2015;14
SPECTRE;Ação, Aventura, Thriller;2015;14
SPOTLIGHT;Drama, História;2015;12
THE HUNGER GAMES: MOCKINGJAY - PART 2;Ação, Aventura, Ficção científica;2015;14
THE LAST WITCH HUNTER;Ação, Aventura, Fantasia;2015;14
BURNT;Drama;2015;12
BRIDGE OF SPIES;Thriller, Drama;2015;12
SECRET IN THEIR EYES;Thriller, Mistério, Crime;2015;14
WAR ROOM;Drama;2015;14
VICTOR FRANKENSTEIN;Drama, Ficção científica, Thriller;2015;12
A DOG´S PURPOSE;Aventura, Comédia, Fantasia, Família, Drama;2017;10
ASSASSIN'S CREED;Ação, Aventura, Ficção científica;2016;12
BALLERINA;Ação, Thriller, Crime;2025;18
EU FICO LOKO;Comédia;2017;14
LA LA LAND;Comédia, Drama, Romance;2016;L
MINHA MÃE É UMA PEÇA 2;Comédia;2016;12
MOANA;Aventura, Animação, Comédia, Família, Fantasia;2024;L
OS PENETRAS 2 - QUEM DÁ MAIS?;Comédia;2017;Sem Classificacao
OS SALTIMBANCOS TRAPALHÕES - RUMO A HOLLYWOOD;Comédia, Música, Família;2017;Sem Classificacao
PASSENGERS;Drama, Romance, Ficção científica;2016;12
RESIDENT EVIL 6: THE FINAL CHAPTER;Ação, Terror, Ficção científica;2016;14
ROGUE ONE;Ação, Aventura, Ficção científica;2016;12
SING;Animação, Comédia, Família, Música;2016;L
TRAIN TO BUSAN;Ação, Terror;;Sem Classificacao
XXX: RETURN OF XANDER CAGE;Ação, Aventura, Crime;2017;14
COLLATERAL BEAUTY;Drama, Romance;2016;10
SNOWDEN;Drama, História, Crime, Thriller;2016;12
SULLY;Drama, História;2016;10
HACKSAW RIDGE;Drama, História, Guerra;2016;16
ARRIVAL;Drama, Ficção científica, Mistério;2016;10
DOCTOR STRANGE;Fantasia, Aventura, Ação;2016;12
FANTASTIC BEASTS AND WHERE TO FIND THEM;Fantasia, Aventura;2016;12
INCARNATE;Terror, Thriller;2016;Sem Classificacao
JACK REACHER: NEVER GO BACK;Ação, Thriller, Drama, Crime;2016;14
MASHA AND THE BEAR;Animação, Família;2023;Sem Classificacao
O VENDEDOR DE SONHOS;Drama;2016;Sem Classificacao
OFFICE CHRISTMAS PARTY;Comédia;2016;16
UNDERWORLD: BLOOD WARS;Fantasia, Ação, Thriller, Ficção científica, Terror;2016;14
CAPTAIN FANTASTIC;Aventura, Drama;2016;14
MANCHESTER BY THE SEA;Drama;2016;14
ELIS;Drama;2016;14
JACKIE;Crime, Drama, Thriller;1997;16
COCO;Família, Animação, Música, Aventura;2017;L
FALA SÉRIO, MÃE!;Comédia, Família;2017;10
FERDINAND;Animação, Família, Aventura, Comédia;2017;L
INSIDIOUS: THE LAST KEY;Terror, Thriller;2018;14
JUMANJI: WELCOME TO THE JUNGLE;Aventura, Comédia, Fantasia, Ação;2017;12
MAZE RUNNER: THE DEATH CURE;Ficção científica, Ação, Aventura, Thriller;2018;12
OS PARÇAS;Comédia;2017;10
STAR WARS: THE LAST JEDI;Aventura, Ação, Ficção científica;2017;12
TADEO JONES 2: EL SECRETO DEL REY MIDAS;Animação, Aventura, Comédia, Família;2017;L
THE FOREIGNER;Ação, Thriller, Crime;2017;14
THE GREATEST SHOWMAN;Drama;2017;12
WONDER;Ação, Aventura, Fantasia;2017;12
DARKEST HOUR;Drama, História;2017;12
JUSTICE LEAGUE;Ação, Aventura, Ficção científica;2017;12
THE STAR;Aventura, Ação, Ficção científica;2017;12
WONDER WHEEL;Drama, Romance;2017;12
THE POST;Drama, História;2017;12
CALL ME BY YOUR NAME;Romance, Drama;2017;14
JIGSAW;Terror, Mistério;2017;18
MURDER ON THE ORIENT EXPRESS;Mistério, Drama, Crime;2017;12
THOR: RAGNAROK;Ação, Ficção científica, Comédia;2017;12
ALL THE MONEY IN THE WORLD;Crime, História, Thriller, Drama;2017;12
AQUAMAN;Ação, Aventura, Fantasia;2018;12
BUMBLEBEE;Ação, Aventura, Ficção científica;2018;10
CREED II;Drama, Ação;2018;12
DETETIVES DO PRÉDIO AZUL 2 - O MISTÉRIO ITALIANO;Aventura, Fantasia, Família;2018;L
DRAGON BALL SUPER: BROLY;Ação, Ficção científica, Animação;2018;10
GLASS;Thriller, Drama, Ficção científica;2019;14
HOW TO TRAIN YOUR DRAGON: THE HIDDEN WORLD;Animação, Família, Aventura;2019;L
MINHA VIDA EM MARTE;Comédia, Romance;2018;12
MORTAL ENGINES;Aventura, Ficção científica;2018;14
RALPH BREAKS THE INTERNET;Ação, Aventura, Animação, Comédia, Família, Ficção científica;2018;L
RUSALKA: OZERO MYORTVYKH;Terror, Fantasia, Romance;2018;Sem Classificacao
SPIDER-MAN: INTO THE SPIDER-VERSE;Animação, Ação, Aventura, Ficção científica;2018;10
THE KID WHO WOULD BE KING;Ação, Aventura, Fantasia, Família;2019;L
GREEN BOOK;Drama, Comédia, História;2018;12
MARY POPPINS RETURNS;Fantasia, Família, Comédia;2018;L
SECOND ACT;Romance, Comédia;2018;12
THE WIFE;Drama;2017;12
VICE;Drama, Comédia;2018;14
A STAR IS BORN;Música, Drama, Romance;2018;16
BOHEMIAN RHAPSODY;Música, Drama;2018;14
FANTASTIC BEASTS: THE CRIMES OF GRINDELWALD;Fantasia, Aventura;2018;12
ROBIN HOOD;Thriller, Ação, Drama;2013;Sem Classificacao
THE FAVOURITE;História, Comédia, Drama;2018;14
THE GRINCH;Animação, Comédia, Família, Fantasia;2018;L
BLACKKKLANSMAN;Crime, Comédia, Drama, História;2018;14
THE NUTCRACKER AND THE FOUR REALMS;Família, Fantasia, Aventura;2018;L
1917;Guerra, História, Drama;2019;14
BAD BOYS FOR LIFE;Thriller, Ação, Crime;2020;16
FROZEN II;Família, Animação, Aventura, Comédia, Fantasia;2019;L
JUMANJI: NEXT LEVEL;Aventura, Comédia, Fantasia;2019;12
MINHA MÃE É UMA PEÇA 3;Comédia;2019;12
SPIES IN DISGUISE;Animação, Ação, Aventura, Comédia, Família;2019;L
STAR WARS: THE RISE OF SKYWALKER;Aventura, Ação, Ficção científica;2019;12
PARASITE;Terror, Ficção científica;1982;Sem Classificacao
BOMBSHELL;Drama;2019;14
CATS;Música, Fantasia;1998;Sem Classificacao
JOJO RABBIT;Comédia, Guerra, Drama;2019;14
JUDY;Drama, História, Música;2019;14
KNIVES OUT;Comédia, Crime, Mistério;2019;14
LITTLE WOMEN;Drama, Romance;2019;10
MALEFICENT: MISTRESS OF EVIL;Família, Fantasia, Aventura;2019;10
OVERCOMER;Drama;2019;10
PLAYING WITH FIRE;Família, Comédia;2019;L
RICHARD JEWELL;Drama, História;2019;16
THE ADDAMS FAMILY;Comédia, Fantasia;1991;12
A RAINY DAY IN NEW YORK;Comédia, Romance;2019;14
DORA AND THE LOST CITY OF GOLD;Família, Comédia, Aventura;2019;10
PLAYMOBIL;Família, Animação, Comédia, Aventura, Fantasia;2019;L
GREENLAND;Aventura, Thriller, Ficção científica;2026;14
HONEST THIEF;Thriller, Ação, Crime;2020;14
NEW MUTANTS;Ficção científica, Terror;2020;14
PINOCCHIO;Animação, Família, Fantasia;1940;L
THE EMPTY MAN;Terror, Mistério;2020;16
TROLLS WORLD TOUR;Família, Animação, Comédia, Fantasia, Aventura, Música;2020;L
UM TIO QUASE PERFEITO 2;Comédia, Família;2021;L
WONDER WOMAN 1984;Ação, Aventura, Fantasia;2020;12
THE WITCHES;Fantasia, Família, Terror;1990;10
Z;Ação, Terror, Ficção científica, Thriller;2013;14
32 MALASAÑA STREET;Drama, Terror;2020;14
QUEEN OF SPADES: THROUGH THE LOOKING GLASS;Terror, Thriller;2019;16
FREAKY;Terror, Comédia;2020;16
TENET;Ação, Thriller, Ficção científica;2020;14
SCOOB!;Animação, Comédia, Família, Mistério;2020;L
EDUARDO E MÔNICA;Romance, Drama;2022;14
JUNTOS E ENROLADOS;Comédia;2021;12
NIGHTMARE ALLEY;Crime, Drama, Thriller;2021;16
SCREAM;Terror, Mistério, Crime;2026;18
SING 2;Animação, Comédia, Família, Música;2021;L
SPIDER-MAN: NO WAY HOME;Ação, Aventura, Ficção científica;2021;12
THE KING'S MAN;Ação, Aventura, Thriller;2021;16
THE MATRIX RESURRECTIONS;Ficção científica, Ação, Aventura;2021;14
TURMA DA MÔNICA: LIÇÕES;Família, Comédia, Drama, Aventura;2021;L
SPENCER;Drama;2021;12
ENCANTO;Animação, Comédia, Família, Fantasia;2021;L
HOUSE OF GUCCI;Drama, Crime, História;2021;14
KING RICHARD;Drama, História;2021;10
DUNE;Ficção científica, Aventura;2021;14
NO TIME TO DIE;Ação, Thriller, Aventura;2021;14
A MAN CALLED OTTO;Comédia, Drama;2022;14
AVATAR: THE WAY OF WATER;Ação, Aventura, Ficção científica;2022;14
BLACK PANTHER: WAKANDA FOREVER;Ação, Aventura, Ficção científica;2022;12
I WANNA DANCE WITH SOMEBODY;Música, História, Drama;2022;16
M3GAN;Ficção científica, Terror;2022;14
PLANE;Ação, Aventura, Thriller;2023;14
PUSS IN BOOTS: THE LAST WISH;Animação, Aventura, Fantasia, Comédia, Família;2022;L
BABYLON;Drama, Comédia;2022;18
TERRIFIER 2;Terror;2022;18
THE FABELMANS;Drama;2022;14
LYLE, LYLE, CROCODILE;Comédia, Família, Música;2022;Sem Classificacao
TAD THE LOST EXPLORER AND THE EMERALD TABLET;Animação, Aventura, Família, Comédia, Fantasia;2022;L
MINIONS: THE RISE OF GRU;Comédia, Crime, Ficção científica, Animação, Família;2022;L
VIOLENT NIGHT;Ação, Comédia, Fantasia, Thriller;2022;16
TÁR;Música, Drama;2022;12
ANYONE BUT YOU;Romance, Comédia;2023;16
AQUAMAN AND THE LOST KINGDOM;Ação, Aventura, Fantasia;2023;12
BLUE BEETLE;Ação, Ficção científica, Aventura;2023;14
MAMONAS ASSASSINAS O FILME;Comédia, Música;2023;12
MEAN GIRLS;Drama, Comédia;2004;12
MIGRATION;Aventura, Thriller, Ficção científica;2026;14
MINHA IRMÃ E EU;Comédia;2023;14
NIGHT SWIM;Terror, Mistério;2024;14
NOSSO LAR 2 - OS MENSAGEIROS;Drama;2024;14
PRÍNCIPE LU E A LENDA DO DRAGÃO;Aventura, Fantasia;2024;L
THE BEEKEEPER;Ação, Crime, Thriller;2024;18
TURMA DA MÔNICA JOVEM - REFLEXOS DO MEDO;Aventura, Comédia, Fantasia;2024;Sem Classificacao
WISH;Animação, Família, Fantasia, Aventura;2023;L
WONKA;Comédia, Família, Fantasia;2023;10
ANATOMY OF A FALL;Thriller, Mistério, Crime;2023;14
GODZILLA MINUS ONE;Ficção científica, Terror, Ação;2023;12
MAY DECEMBER;Drama;2023;16
NAPOLEON;História, Guerra, Romance;2023;16
OPPENHEIMER;Drama, História;2023;16
PAST LIVES;Drama, Romance;2023;Sem Classificacao
PRISCILLA;Drama, Romance;2023;16
RENAISSANCE: A FILM BY BEYONCÉ;Música, Documentário;2023;12
THE HOLDOVERS;Drama, Comédia;2023;16
TROLLS BAND TOGETHER;Animação, Família, Música, Fantasia, Comédia, Aventura;2023;L
AINDA ESTOU AQUI;Drama, História;2024;14
BAGMAN;Terror, Thriller;2024;14
CHICO BENTO E A GOIABEIRA MARAVIOSA;Família, Aventura, Comédia;2025;L
CONCLAVE;Drama, Thriller;2024;12
DEN OF THIEVES 2: PANTERA;Ação, Crime, Thriller;2025;16
EMILIA PÉREZ;Drama, Thriller;2024;16
MOANA 2;Aventura, Animação, Comédia, Família, Fantasia;2024;L
MUFASA: THE LION KING;Aventura, Família, Animação;2024;10
NOSFERATU;Terror, Fantasia;2024;16
O AUTO DA COMPADECIDA 2;Comédia, Drama;2024;12
PADDINGTON IN PERU;Aventura, Comédia, Família;2024;10
SONIC THE HEDGEHOG 3;Ação, Ficção científica, Comédia, Família;2024;12
THE WIZARD OF THE EMERALD CITY;Aventura, Família, Fantasia;1994;Sem Classificacao
WOLF MAN;Terror, Thriller;2025;16
ANORA;Drama, Comédia, Romance;2024;16
BABYGIRL;Romance, Thriller;2024;18
GLADIATOR II;Ação, Aventura, Drama;2024;16
KRAVEN THE HUNTER;Ação, Aventura, Thriller;2024;16
MARIA;História, Drama, Música;2024;14
WICKED;Drama, Romance, Fantasia;2024;10
ANACONDA;Aventura, Comédia, Terror;2025;14
AVATAR: FIRE AND ASH;Ficção científica, Aventura, Fantasia;2025;14
COLD STORAGE;Terror, Ficção científica, Comédia;2026;18
DAVID;Animação, Drama, Família, História;2025;10
FIVE NIGHTS AT FREDDY'S 2;Terror, Thriller;2025;14
O AGENTE SECRETO;Thriller, Drama, Crime;2025;16
O DIÁRIO DE PILAR NA AMAZÔNIA;Aventura;2026;10
PRIMATE;Terror, Thriller;2026;18
RETURN TO SILENT HILL;Mistério, Drama, Terror;2026;16
SEND HELP;Terror, Thriller, Comédia;2026;16
THE HOUSEMAID;Mistério, Thriller;2025;16
THE SPONGEBOB MOVIE: SEARCH FOR SQUAREPANTS;Aventura, Animação, Comédia, Família, Fantasia;2025;L
TOM AND JERRY: FORBIDDEN COMPASS;Animação, Comédia, Família, Fantasia, Aventura;2025;L
ZOOTOPIA 2;Aventura, Animação, Comédia, Família, Mistério;2025;10
AFFEKSJONSVERDI;Drama;2025;14
HAMNET;Drama, Romance, História;2025;14
MARTY SUPREME;Drama, Thriller;2025;16
NOW YOU SEE ME: NOW YOU DON’T;Crime, Thriller;2025;12
WICKED: FOR GOOD;Fantasia, Aventura, Romance;2025;10
D.P.A. - O FANTÁSTICO REINO DE ONDION;Aventura, Família, Fantasia;2025;L
PAW PATROL HOLIDAY SPECIAL 2025;Nao Encontrado;Nao Encontrado;Nao Encontrado
DEMON SLAYER -KIMETSU NO YAIBA- THE MOVIE: INFINITY CASTLE;Animação, Ação, Fantasia;;Sem Classificacao
MR. PEABODY & SHERMAN;Animação, Ficção científica, Comédia, Aventura, Família;2014;L
NON-STOP;Ação, Thriller, Mistério;2014;14
POMPEII;Ação, Aventura, História, Romance, Drama;2014;14
ROBOCOP;Ação, Thriller, Ficção científica;1987;14
THE LEGEND OF HERCULES;Ação, Aventura;2014;14
THE LEGO MOVIE;Animação, Família, Aventura, Comédia, Fantasia;2014;L
THE MONUMENTS MEN;Guerra, Drama, História, Ação;2014;12
ANCHORMAN 2: THE LEGEND CONTINUES;Comédia;2013;14
HER;Romance, Ficção científica, Drama;2013;14
JACK RYAN: SHADOW RECRUIT;Ação, Drama, Thriller;2014;14
JUSTIN BIEBER- BELIEVE;Documentário, Música;2013;Sem Classificacao
TINKER BELL AND THE PIRATE FAIRY;Animação, Família;2014;L
DALLAS BUYERS CLUB;Drama, História;2013;14
AMERICAN SNIPER;Guerra, Ação;2014;16
FIFTY SHADES OF GREY;Drama, Romance, Thriller;2015;16
FURY;Guerra, Drama, Ação;2014;16
JUPITER ASCENDING;Ficção científica, Fantasia, Ação;2015;12
SUPERPAI;Comédia;2015;Sem Classificacao
THE SPONGEBOB MOVIE: SPONGE OUT OF WATER;Aventura, Animação, Comédia, Família, Fantasia;2015;L
TINKERBELL AND THE LEGEND OF THE NEVERBEAST;Aventura, Animação, Família;2014;L
DEADPOOL;Ação, Comédia, Ficção científica;2024;18
GODS OF EGYPT;Ação, Aventura, Fantasia;2016;12
THE BOY;Romance, Comédia, Drama;2025;14
THE REVENANT;Faroeste, Drama, Aventura;2015;16
UM SUBURBANO SORTUDO;Comédia;2016;Sem Classificacao
THE DANISH GIRL;Drama;2015;14
ROOM;Drama, Thriller;2015;14
SOLACE;Aventura, Ação, Thriller;2008;14
ALLIED;Ação, Drama, Guerra, Romance, Thriller;2016;14
FIFTY SHADES DARKER;Drama, Romance;2017;16
HIDDEN FIGURES;Drama, História;2016;L
INTERNET - O FILME;Comédia;2017;14
JOHN WICK: CHAPTER 2;Ação, Thriller, Crime;2017;16
MONSTER TRUCKS;Ação, Comédia, Ficção científica;2016;L
RINGS;Aventura, Fantasia, Ação;2003;12
THE GREAT WALL;Ação, Aventura, Fantasia;2016;12
THE LEGO BATMAN MOVIE;Animação, Ação, Comédia, Família;2017;L
TOC - TRANSTORNADA, OBSESSIVA, COMPULSIVA;Comédia;2017;14
LION;Animação, Família, Drama;1994;L
MOONLIGHT;Drama;2016;16
FENCES;Drama;2016;12
BLACK PANTHER;Ação, Aventura, Ficção científica;2018;14
FIFTY SHADES FREED;Drama, Romance;2018;16
PADDINGTON 2;Aventura, Comédia, Família;2017;L
THE SHAPE OF WATER;Drama, Fantasia, Romance;2017;16
MOLLY'S GAME;Drama, Crime;2017;14
THREE BILLBOARDS OUTSIDE EBBING, MISSOURI;Crime, Drama;2017;16
LADY BIRD;Drama, Comédia;2017;14
PHANTOM THREAD;Drama, Romance;2017;12
A DOG´S WAY HOME;Drama, Aventura, Família;2019;L
ALITA: BATTLE ANGEL;Ação, Ficção científica, Aventura;2019;14
CINDERELA POP;Romance, Comédia;2019;L
ESCAPE ROOM;Terror, Thriller, Fantasia;2017;Sem Classificacao
HAPPY DEATH DAY 2U;Comédia, Terror, Ficção científica;2019;14
MINHA FAMA DE MAU;Drama, Música, História;2019;Sem Classificacao
SAI DE BAIXO, O FILME;Comédia;2019;Sem Classificacao
THE LEGO MOVIE 2: THE SECOND PART;Ação, Aventura, Animação, Comédia, Família;2019;L
THE MULE;Crime, Drama;2018;16
AT ETERNITY'S GATE;Drama, História;2018;12
EVERYBODY KNOWS;Documentário;2016;Sem Classificacao
BIRDS OF PREY (AND THE FANTABULOUS EMANCIPATION OF ONE HARLEY QUINN);Ação, Crime;2020;16
CALL OF THE WILD;Aventura, Família, Drama;2020;12
COUNTDOWN;Terror, Thriller;2019;14
DOLITTLE;Família, Comédia, Fantasia, Aventura;2020;10
GRETEL & HANSEL (2020);Fantasia, Terror, Mistério;2020;14
SONIC THE HEDGEHOG;Ação, Ficção científica, Comédia, Família;2024;12
THE GRUDGE;Terror, Mistério;2019;16
THE INVISIBLE MAN;Thriller, Ficção científica, Terror;2020;14
DARK WATERS;Drama, Thriller;2019;Sem Classificacao
JUST MERCY;Drama, Crime, História;2019;14
MONSTER HUNTER;Ação, Fantasia, Aventura;2020;12
THE WIDOW;Drama, Música;1952;Sem Classificacao
TOM & JERRY;Ação, Thriller;2026;16
FOLLOW ME;Comédia, Romance;1972;Sem Classificacao
I STILL BELIEVE;Música, Drama, Romance;2020;10
DEATH ON THE NILE;Mistério, Crime, Thriller;2022;14
FIREHEART;Animação, Aventura, Família, Comédia;2022;L
MOONFALL;Ficção científica, Aventura, Ação;2022;14
THE EXORCISM OF GOD;Terror, Crime, Drama, Fantasia;2022;16
TÔ RYCA! 2;Comédia, Família;2022;12
UNCHARTED;Ação, Aventura, Mistério;2022;12
13 EXORCISMOS;Drama, Terror;2022;16
ANT-MAN AND THE WASP: QUANTUMANIA;Ação, Aventura, Ficção científica;2023;L
DESAPEGA;Comédia, Romance;2023;10
KNOCK AT THE CABIN;Terror, Mistério, Thriller;2023;16
MUMMIES;Terror, Ação;2006;Sem Classificacao
THE OFFERING;Drama, Terror;2022;Sem Classificacao
TITANIC;Drama, Romance;1997;12
EVERYTHING EVERYWHERE ALL AT ONCE;Ação, Aventura, Ficção científica;2022;14
MAYBE I DO;Comédia, Romance, Drama;2023;Sem Classificacao
PEARL;Terror, Drama, Thriller;2022;18
THE AMAZING MAURICE;Animação, Aventura, Comédia, Família, Fantasia;2022;L
THE WHALE;Drama;2022;16
THE BANSHEES OF INISHERIN;Drama, Comédia;2022;16
TRIANGLE OF SADNESS;Comédia, Drama;2022;14
ARGYLLE;Ação, Aventura, Comédia;2024;14
BAGHEAD;Terror;2023;14
BOB MARLEY: ONE LOVE;Música, História, Drama;2024;16
DEMON SLAYER: KIMETSU NO YAIBA – TO THE HASHIRA TRAINING;Ação, Animação, Fantasia, Thriller;2024;16
DUNE: PART TWO;Ficção científica, Aventura;2024;14
FERRARI;Drama, Ação, História;2019;12
LAND OF BAD;Ação, Guerra, Thriller;2024;16
MADAME WEB;Ação, Fantasia;2024;14
MASHA AND THE BEAR - TWICE THE FUN;Animação, Família;2023;Sem Classificacao
POOR THINGS;Ficção científica, Romance, Comédia;2023;18
THE BOY AND THE HERON;Animação, Fantasia, Drama;2023;10
THE ZONE OF INTEREST;Drama, História, Guerra;2023;14
PERFECT DAYS;Drama;2023;Sem Classificacao
ABSOLUTION;Ação, Crime, Thriller, Mistério;2024;16
CAPTAIN AMERICA: BRAVE NEW WORLD;Ação, Thriller, Ficção científica;2025;14
COMPANION;Terror, Ficção científica, Thriller;2025;16
DOG MAN;Família, Comédia, Aventura, Animação, Ação;2025;L
FLOW;Aventura, Animação, Família, Fantasia;2024;L
FÉ PARA O IMPOSSÍVEL;Drama;2025;12
A COMPLETE UNKNOWN;Drama, Música;2024;14
ARMOR;Ação, Crime, Thriller;2024;14
THE BRUTALIST;Drama;2024;18
BRIDGET JONES: MAD ABOUT THE BOY;Romance, Comédia, Drama;2025;14
GOAT;Animação, Comédia, Família;2026;10
GREENLAND 2: MIGRATION;Aventura, Thriller, Ficção científica;2026;14
HOPPERS;Aventura, Animação, Comédia, Família, Ficção científica;2026;10
SCREAM 7;Terror, Mistério, Crime;2026;18
STRAY KIDS: THE DOMINATE EXPERIENCE;Música, Documentário;2026;10
WUTHERING HEIGHTS;Romance, Drama;2026;16
MAURICIO DE SOUSA, O FILME;Drama;2025;L
WHISTLE;Terror, Mistério;2026;18
300: RISE OF AN EMPIRE;Ação, Drama, Guerra;2014;16
ALEMÃO;Ação, Drama, Crime;2014;16
NEED FOR SPEED;Ação, Crime, Drama, Thriller;2014;12
RIO 2;Animação, Aventura, Comédia, Família;2014;L
S.O.S. MULHERES AO MAR;Romance, Comédia;2014;12
THAT AWKWARD MOMENT;Comédia, Romance;2014;Sem Classificacao
LONE SURVIVOR;Guerra, Ação, Drama;2013;16
SAVING MR BANKS;Comédia, Drama, História;2013;10
CINDERELLA;Romance, Fantasia, Família, Drama;2015;L
FOCUS;Romance, Comédia, Crime;2015;14
KINGSMAN: THE SECRET SERVICE;Crime, Comédia, Ação, Aventura;2015;16
SEVENTH SON, THE;Drama;1912;Sem Classificacao
THE DIVERGENT SERIES - INSURGENT;Ação, Ficção científica, Thriller;2015;14
THE LAZARUS EFFECT;Terror, Ficção científica, Thriller;2015;14
LOVE, ROSIE;Romance, Drama, Comédia;2014;14
STILL ALICE;Drama;2014;12
ALLEGIANT;Aventura, Ficção científica, Ação, Mistério;2016;12
BATMAN VS SUPERMAN;Ação, Aventura, Fantasia;2016;12
FIFTY SHADES OF BLACK;Romance, Comédia;2016;14
KUNG FU PANDA 3;Animação, Ação, Aventura, Comédia, Família;2016;L
MY BIG FAT GREEK WEDDING 2;Comédia, Romance;2016;12
RISEN;Ação, Aventura, Drama, História, Mistério;2016;12
THE WITCH;Terror, Comédia, Romance, Fantasia;2016;Sem Classificacao
ZOOTOPIA;Animação, Aventura, Família, Comédia;2016;L
CONCUSSION;Drama;2013;Sem Classificacao
BEAUTY AND THE BEAST;Romance, Família, Animação, Fantasia;1991;L
GHOST IN THE SHELL;Ficção científica, Drama, Ação;2017;14
KONG: SKULL ISLAND;Ação, Aventura, Fantasia;2017;12
LOGAN;Ação, Drama, Ficção científica;2017;16
POWER RANGERS;Ação, Aventura, Ficção científica;2017;10
SPLIT;Terror, Thriller;2017;14
THE BOSS BABY;Animação, Família, Aventura;2022;L
THE FOUNDER;Drama, História;2016;10
A WRINKLE IN TIME;Aventura, Ficção científica, Família, Fantasia;2018;10
MARY MAGDALENE;Drama;2018;Sem Classificacao
NADA A PERDER;Drama, História;2018;12
OS FAROFEIROS;Comédia;2018;12
PACIFIC RIM: UPRISING;Ação, Fantasia, Ficção científica, Aventura;2018;12
PETER RABBIT;Animação, Aventura, Família;2018;L
READY PLAYER ONE;Aventura, Ação, Ficção científica;2018;12
RED SPARROW;Thriller, Mistério;2018;16
THE COMMUTER;Ação, Thriller, Mistério;2018;14
TOMB RAIDER;Ação, Aventura, Fantasia;2018;14
WINCHESTER;Terror, Thriller;2018;14
EARLY MAN;Família, Comédia, Animação, Aventura;2018;L
LOVE, SIMON;Comédia, Drama, Romance;2018;12
THE 15:17 TO PARIS;Drama, Thriller;2018;14
CAPTAIN MARVEL;Ação, Aventura, Ficção científica;2019;12
COLD PURSUIT (AKA HARD POWDER);Nao Encontrado;Nao Encontrado;Nao Encontrado
DUMBO;Animação, Família;1941;L
FIVE FEET APART;Romance, Drama;2019;12
THE PRODIGY;Terror, Thriller;2019;16
US;Terror, Mistério;2019;16
WONDER PARK;Comédia, Animação, Aventura, Família, Fantasia;2019;L
EL AMOR MENOS PENSADO;Comédia, Romance;2018;14
ON THE BASIS OF SEX;Drama, História;2018;12
BLOODSHOT;Ação, Ficção científica, Aventura;2020;14
ONWARD;Aventura, Animação, Comédia, Família, Fantasia;2020;L
RAYA AND THE LAST DRAGON;Animação, Ação, Aventura, Fantasia, Família;2021;L
AMBULANCE;Thriller, Ação, Crime, Drama;2022;14
BTS PERMISSION TO DANCE ON STAGE - SEOUL: LIVE VIEWING;Música, Documentário;2022;Sem Classificacao
MORBIUS;Ação, Ficção científica, Fantasia;2022;14
THE BAD GUYS;Ação, Animação, Comédia, Crime, Família;2022;L
THE BATMAN;Crime, Mistério, Thriller;2022;14
ALEMÃO 2;Ação, Crime;2022;16
THE ADDAMS FAMILY 2;Animação, Família, Comédia, Fantasia, Aventura;2021;L
65;Ação, Aventura, Ficção científica;2023;12
CORAZON DE PADRE;;2024;Sem Classificacao
CREED III;Drama, Ação;2023;12
DEMON SLAYER: TO THE SWORDSMITH VILLAGE;Animação, Ação, Fantasia, Thriller;2023;16
DUNGEONS & DRAGONS: HONOR AMONG THIEVES;Drama, Aventura, Fantasia;2000;Sem Classificacao
JOHN WICK: CHAPTER 4;Ação, Thriller, Crime;2023;16
SCREAM VI;Terror, Thriller, Crime;2023;18
SHAZAM! FURY OF THE GODS;Comédia, Ação, Fantasia;2023;L
JOHN WICK;Ação, Thriller;2014;16
JOHN WICK 3: PARABELLUM;Ação, Thriller, Crime;2019;16
ARTHUR THE KING;Aventura, Drama;2024;12
GODZILLA X KONG: THE NEW EMPIRE;Ação, Aventura, Ficção científica;2024;12
IMAGINARY;Terror, Mistério;2024;12
KUNG FU PANDA 4;Ação, Aventura, Animação, Comédia, Família, Fantasia;2024;L
OS FAROFEIROS 2;Comédia;2024;12
THE CHOSEN;Drama, História, Aventura;2025;Sem Classificacao
ONE LIFE;História, Drama;2023;12
DOIS É DEMAIS EM ORLANDO;Comédia;2024;L
KILLERS OF THE FLOWER MOON;Crime, História, Drama;2023;14
PAW PATROL: THE MIGHTY MOVIE;Aventura, Animação, Comédia, Família, Ficção científica;2023;L
GUARDIANS OF THE GALAXY VOL. 3;Ficção científica, Aventura, Ação;2023;14
THE LITTLE MERMAID;Animação, Família, Fantasia;1989;L
A WORKING MAN;Ação, Crime, Thriller;2025;16
MICKEY 17;Ficção científica, Comédia, Aventura;2025;16
NOVOCAINE;Ação, Comédia, Thriller;2025;18
SNOW WHITE;Família, Fantasia;2025;L
THE MONKEY;Terror, Comédia;2025;18
UMA ADVOGADA BRILHANTE;Comédia;2025;14
VITÓRIA;Romance, Comédia, Música;2018;14
NUREMBERG;História, Drama;2025;16
PROJECT HAIL MARY;Ficção científica, Aventura;2026;14
REMINDERS OF HIM;Romance, Drama;2026;16
SHELTER;Ação, Crime, Thriller;2026;16
THE BRIDE!;Ficção científica, Terror, Fantasia;2026;16
TWILIGHT;Fantasia, Drama, Romance;2008;12
VELHOS BANDIDOS;Comédia, Ação, Crime;2026;14
ONE BATTLE AFTER ANOTHER;Thriller, Crime, Comédia;2025;16
CAPTAIN AMERICA: THE WINTER SOLDIER;Ação, Aventura, Ficção científica;2014;12
COPA DE ELITE;Comédia;2014;14
DIVERGENT;Ação, Aventura, Ficção científica;2014;14
FADING GIGOLO;Comédia;2013;14
JULIO SUMIU;Drama, Comédia, Crime;2014;Sem Classificacao
NOAH;Drama, Aventura;2014;14
A HAUNTED HOUSE 2;Comédia, Terror;2014;Sem Classificacao
SON OF GOD;Drama;2014;14
CHAPPIE;Crime, Ação, Ficção científica;2015;16
FURIOUS SEVEN;Ação, Crime, Thriller;2015;14
HOME;Ação, Aventura, Ficção científica;2021;12
RUN ALL NIGHT;Ação, Crime, Thriller;2015;16
THE AVENGERS: AGE OF ULTRON;Ação, Aventura, Ficção científica;2015;12
ENTRE ABELHAS;Comédia, Drama, Fantasia;2015;14
DANNY COLLINS;Música, Comédia, Drama;2015;e 16
THE LONGEST RIDE;Drama, Romance;2015;12
10 CLOVERFIELD LANE;Thriller, Ficção científica, Drama, Terror;2016;14
CAPTAIN AMERICA: CIVIL WAR;Aventura, Ação, Ficção científica;2016;12
CAPTURE THE FLAG;;2010;Sem Classificacao
GOD IS NOT DEAD 2;Nao Encontrado;Nao Encontrado;Nao Encontrado
LONDON HAS FALLEN;Ação, Thriller;2016;16
MIRACLES FROM HEAVEN;Família, Drama;2016;10
THE HUNTSMAN;Aventura, Fantasia, Drama;2012;12
THE JUNGLE BOOK;Aventura, Família, Fantasia;2016;10
EM NOME DA LEI;Thriller, Ação, Drama, Mistério;2016;Sem Classificacao
HAIL, CAESAR!;Comédia, Mistério;2016;12
TRUMAN;Comédia, Drama;1998;L
GOSTOSAS, LINDAS E SEXIES;Comédia;2017;Sem Classificacao
GUARDIANS OF THE GALAXY VOL.2;Ficção científica, Aventura, Ação;2017;12
LIFE;Aventura, Animação, Drama, Fantasia, Romance;2017;14
SMURFS: THE LOST VILLAGE;Família, Comédia, Aventura, Animação;2017;L
THE FATE OF THE FURIOUS;Ação, Crime, Thriller;2017;14
THE SHACK;Drama, Família;2017;12
GOING IN STYLE;Crime, Comédia;2017;14
A QUIET PLACE;Terror, Drama, Ficção científica;2018;14
AVENGERS: INFINITY WAR;Aventura, Ação, Ficção científica;2018;12
RAMPAGE;Ação, Aventura, Ficção científica;2018;14
THE CRUCIFIXION;Terror, Mistério, Thriller;2017;14
ENTEBBE;Thriller, Drama, Crime;2018;12
AFTER;Drama, Romance;2021;16
AVENGERS: ENDGAME;Aventura, Ficção científica, Ação;2019;12
BREAKTHROUGH;Drama;2019;10
DE PERNAS PRO AR 3;Comédia;2019;14
SHAZAM!;Ação, Comédia, Fantasia;2019;12
THE CURSE OF LA LLORONA;Terror;2019;14
MARY QUEEN OF SCOTS;Drama, História;2018;Sem Classificacao
THE PROFESSOR AND THE MADMAN;História, Drama, Mistério, Thriller;2019;14
GODZILLA VS. KONG;Ação, Ficção científica, Aventura;2021;14
THE FATHER;Drama;2020;14
THE LITTLE THINGS;Drama, Crime, Thriller;2021;16
DETETIVES DO PRÉDIO AZUL 3 - UMA AVENTURA NO FIM DO MUNDO;Aventura, Família;2022;L
FANTASTIC BEASTS: THE SECRETS OF DUMBLEDORE;Fantasia, Aventura;2022;10
JUJUTSU KAISEN 0: THE MOVIE;Animação, Ação, Fantasia;2021;14
SONIC THE HEDGEHOG 2;Ação, Aventura, Família, Comédia;2022;10
THE LOST CITY;Ação, Aventura, Comédia;2022;14
MEDIDA PROVISÓRIA;Drama, Ficção científica;2022;14
EVIL DEAD RISE;Terror, Thriller;2023;18
KNIGHTS OF THE ZODIAC;Fantasia, Ação, Ficção científica;2023;12
LEFT BEHIND: RISE OF THE ANTICHRIST;Ficção científica, Ação, Thriller, Fantasia;2023;14
THE POPE´S EXORCIST;Terror, Thriller;2023;16
THE SUPER MARIO BROS. MOVIE;Família, Comédia, Aventura, Fantasia, Animação;2023;L
THE THREE MUSKETEERS: D’ARTAGNAN;Aventura, Ação, Comédia;1939;Sem Classificacao
AIR;Ação, Thriller, Crime;1997;16
NINGUÉM É DE NINGUÉM;Drama;2023;16
ABIGAIL;Terror, Thriller;2024;18
CIVIL WAR;Guerra, Ação, Drama;2024;18
EVIDÊNCIAS DO AMOR;Comédia, Romance, Fantasia;2024;12
GHOSTBUSTERS: FROZEN EMPIRE;Fantasia, Aventura, Comédia;2024;12
SPY X FAMILY CODE: WHITE;Animação, Comédia, Aventura, Ação;2023;14
SUGA - AGUST D TOUR ‘D-DAY’ THE MOVIE;Documentário, Música;2024;Sem Classificacao
THE FALL GUY;Ação, Comédia, Romance;2024;14
THE FIRST OMEN;Terror;2024;18
CHALLENGERS;Drama, Romance;2024;14
A MINECRAFT MOVIE;Família, Fantasia, Comédia, Aventura;2025;10
SINNERS;Terror, Ação, Thriller;2025;16
STAR WARS: EPISODE III - REVENGE OF THE SITH;Aventura, Ação, Ficção científica;2005;10
THE ACCOUNTANT 2;Mistério, Crime, Thriller;2025;16
THE AMATEUR;Thriller, Ação;2025;14
THE CHOSEN: LAST SUPPER;Drama, História, Aventura;2025;Sem Classificacao
THE KING OF KINGS;Aventura, Animação, Família, Fantasia;2025;10
THUNDERBOLTS*;Ação, Ficção científica, Aventura;2025;14
UNTIL DAWN;Terror, Mistério;2025;18
HOMEM COM H;Drama, Música, História;2025;16
BTS WORLD TOUR ‘ARIRANG’ IN GOYANG: LIVE VIEWING;Música;2026;Sem Classificacao
BTS WORLD TOUR ‘ARIRANG’ IN JAPAN LIVE VIEWING;Música;2026;Sem Classificacao
LEE CRONIN'S THE MUMMY;Terror, Mistério;2026;18
MICHAEL;Música, Drama;2026;12
THE DEVIL WEARS PRADA 2;Comédia, Drama;2026;12
THE DRAMA;Romance, Comédia, Drama;2026;16
THE SUPER MARIO GALAXY MOVIE;Família, Comédia, Aventura, Fantasia, Animação;2026;L
THE TWILIGHT SAGA: NEW MOON;Aventura, Fantasia, Drama, Romance;2009;12
BEN-HUR;História, Drama, Aventura;1959;12
MALÊS;Drama, História;2023;14
UMA MULHER SEM FILTRO;Comédia;2025;14
EDGE OF TOMORROW;Ação, Ficção científica;2014;14
GODZILLA;Ação, Drama, Ficção científica;2014;12
MALEFICENT;Fantasia, Aventura, Ação, Família, Romance;2014;10
THE AMAZING SPIDER-MAN 2;Ação, Aventura, Ficção científica;2014;12
THE OTHER WOMAN;Comédia, Romance;2014;12
X-MEN: DAYS OF FUTURE PAST;Ação, Aventura, Ficção científica;2014;12
OS HOMENS SÃO DE MARTE...E É PRÁ LÁ QUE EU VOU!;Comédia;2014;14
GETÚLIO;Documentário;1974;L
DIVÃ A 2;Romance, Comédia;2015;Sem Classificacao
MAD MAX: FURY ROAD;Ação, Aventura, Ficção científica;2015;16
NARUTO MOVIE: THE LAST;Ação, Romance, Animação;2014;10
POLTERGEIST;Terror;1982;14
SAN ANDREAS;Ação, Drama, Thriller;2015;12
THE GUNMAN;Ação, Drama, Crime;2015;16
O VENDEDOR DE PASSADOS;Drama;2014;Sem Classificacao
THE AGE OF ADALINE;Romance, Fantasia, Drama;2015;14
THE COBBLER;Fantasia, Comédia, Drama;2014;14
THE SECOND BEST EXOTIC MARIGOLD HOTEL;Drama, Comédia;2015;L
ALICE THROUGH THE LOOKING GLASS;Aventura, Família, Fantasia;2016;L
ANGRY BIRDS;Animação, Aventura, Comédia, Família;2016;L
MONEY MONSTER;Thriller, Drama;2016;14
PEPPA PIG, THE GOLDEN BOOTS AND OTHER STORIES;Nao Encontrado;Nao Encontrado;Nao Encontrado
X-MEN: APOCALYPSE;Ficção científica, Fantasia, Ação;2016;12
NEIGHBORS 2: SORORITY RISING;Comédia;2016;16
MOTHER´S DAY;Comédia, Drama, Romance;2016;10
REMEMBER;Drama, Thriller, Mistério;2015;14
ALIEN: COVENANT;Terror, Ficção científica;2017;16
BEFORE I FALL;Drama, Fantasia;2017;12
GET OUT;Mistério, Thriller, Terror;2017;14
KING ARTHUR: LEGEND OF THE SWORD;Ação, Drama, Fantasia;2017;14
NINGUÉM ENTRA, NINGUÉM SAI;Comédia;2017;12
OZZY;Animação, Família;2016;L
PATRIOTS DAY;Ação, Crime, Drama, História, Thriller;2016;14
PIRATES OF THE CARIBBEAN: DEAD MEN TELL NO TALES;Aventura, Ação, Fantasia;2017;12
THE AUTOPSY OF JANE DOE;Terror, Mistério;2016;14
WONDER WOMAN;Ação, Aventura, Fantasia;2017;12
NORMAN: THE MODERATE RISE AND TRAGIC FALL OF A NEW YORK FIXER;Comédia, Thriller, Drama;2016;10
DEADPOOL 2;Ação, Comédia, Aventura;2018;16
DEATH WISH;Ação, Crime, Thriller, Drama;2018;18
GAME NIGHT;Mistério, Comédia, Crime;2018;14
HAN SOLO: A STAR WARS STORY;Ficção científica, Aventura, Ação;2018;12
I CAN ONLY IMAGINE;Música, Drama;2018;12
NÃO SE ACEITAM DEVOLUÇÕES;Comédia;2018;12
PAUL, APOSTLE OF CHRIST;Drama, História;2018;12
SHERLOCK GNOMES;Animação, Família, Fantasia, Comédia, Aventura, Mistério;2018;L
TRUTH OR DARE;Thriller, Terror;2018;14
TULLY;Comédia, Drama;2018;14
ALADDIN;Animação, Família, Aventura, Fantasia, Romance;1992;L
GODZILLA - KING OF THE MONSTERS;Ficção científica, Ação;2019;12
HELLBOY;Fantasia, Terror, Ação, Aventura;2019;16
KARDEC;Drama, História;2019;12
PET SEMATARY;Terror;1989;16
POKEMON DETECTIVE PIKACHU;Ação, Aventura, Fantasia;2019;L
ROCKETMAN;Música, Drama;2019;14
RED JOAN;Thriller, História;2018;14
HOTEL MUMBAI;Thriller, História, Drama, Ação;2019;16
CHAOS WALKING;Fantasia, Ficção científica, Aventura;2021;14
CRUELLA;Comédia, Crime, Drama;2021;12
DEMON SLAYER: MUGEN TRAIN;Animação, Ação, Fantasia;2020;14
MORTAL KOMBAT;Ação, Fantasia, Aventura;2021;16
THE WAR WITH GRANDPA;Comédia, Família;2020;10
DOCTOR STRANGE IN THE MULTIVERSE OF MADNESS;Fantasia, Ação, Aventura;2022;14
THE NORTHMAN;Ação, Aventura, Fantasia;2022;18
TOP GUN: MAVERICK;Ação, Drama;2022;12
FAST X;Ação, Crime, Thriller;2023;14
SPIDER-MAN: ACROSS THE SPIDER-VERSE;Animação, Ação, Aventura, Ficção científica;2023;10
LOVE AGAIN;Romance, Drama, Comédia;2023;12
BACK TO BLACK;Música, História, Drama;2024;16
FURIOSA: A MAD MAX SAGA;Ação, Ficção científica, Aventura;2024;16
GARFIELD;Família, Comédia, Aventura, Animação;2024;L
IF;Comédia, Fantasia, Família;2024;L
IMMACULATE;Terror, Mistério, Thriller;2024;18
KINGDOM OF THE PLANET OF THE APES;Ficção científica, Aventura, Ação;2024;14
TAROT;Terror;2024;Sem Classificacao
THE STRANGERS: CHAPTER 1;Terror, Thriller;2024;16
HAIKYU!! THE DUMPSTER BATTLE;Animação, Comédia;2024;12
FINAL DESTINATION: BLOODLINES;Terror, Mistério;2025;18
KARATE KID LEGENDS;Ação, Aventura, Drama;2025;12
LILO & STITCH;Família, Ficção científica, Comédia;2025;10
MISSION: IMPOSSIBLE - THE FINAL RECKONING;Ação, Thriller, Aventura;2025;14
J-HOPE TOUR 'HOPE ON THE STAGE' IN JAPAN: LIVE VIEWING;Música, Documentário;2025;Sem Classificacao
HOW TO TRAIN YOUR DRAGON 2;Fantasia, Ação, Aventura, Animação, Família;2014;L
THE FAULT IN OUR STARS;Romance, Drama;2014;12
TRANSCENDENCE;Thriller, Ficção científica, Drama, Mistério;2014;12
NEIGHBORS;Comédia;2014;16
THE GRAND BUDAPEST HOTEL;Comédia, Drama;2014;14
INSIDE OUT;Animação, Família, Aventura, Drama, Comédia;2015;L
JESSABELLE;Thriller, Terror;2014;Sem Classificacao
JURASSIC WORLD;Ficção científica, Aventura, Ação;2025;14
MINIONS;Aventura, Animação, Comédia, Família, Fantasia;2026;Sem Classificacao
QUALQUER GATO VIRA-LATA 2;Romance, Comédia;2015;12
TOMORROWLAND;Aventura, Família, Mistério, Ficção científica;2015;10
DRAGONBALL Z: FUKKATSU NO FREEZA;Ação, Animação, Ficção científica;2015;10
SPY;Ação, Comédia, Crime;2015;14
ALOHA;Drama, Comédia, Romance;2015;12
FINDING DORY;Aventura, Animação, Família;2016;L
INDEPENDENCE DAY RESURGENCE;Ação, Aventura, Ficção científica;2016;12
MAIS FORTE QUE O MUNDO - A HISTÓRIA DE JOSÉ ALDO;Drama, Ação;2016;14
ME BEFORE YOU;Drama, Romance;2016;12
NOW YOU SEE ME: THE SECOND ACT;Crime, Thriller;2016;12
PORTA DOS FUNDOS - CONTRATO VITALÍCIO;Comédia;2016;12
TEENAGE MUTANT NINJA TURTLES: OUT OF THE SHADOWS;Ação, Aventura, Comédia, Família, Ficção científica;2016;10
THE CONJURING 2;Terror;2016;14
UMA LOUCURA DE MULHER;Romance, Comédia;2016;Sem Classificacao
WARCRAFT;Ação, Aventura, Fantasia;2016;12
AMOR.COM;Romance, Comédia;2017;12
BAYWATCH;Comédia, Ação, Crime;2017;14
DESPICABLE ME 3;Ação, Animação, Comédia, Família, Aventura;2017;L
MEUS 15 ANOS;Drama;2006;Sem Classificacao
THE CIRCLE;Ação, Aventura, Comédia, Crime, Ficção científica;2017;16
THE MUMMY;Terror, Mistério;2026;18
UM TIO QUASE PERFEITO;Comédia, Família;2017;L
EVERYTHING, EVERYTHING;Ação, Aventura, Ficção científica;2022;14
NIEVE NEGRA;Mistério, Drama, Crime, Thriller;2017;14
PARIS CAN WAIT;Comédia, Drama, Romance;2016;Sem Classificacao
BOOK CLUB;Romance;2016;Sem Classificacao
HEREDITARY;Terror, Mistério, Thriller;2018;16
JURASSIC WORLD: FALLEN KINGDOM;Aventura, Ficção científica, Thriller;2018;12
OCEAN'S 8;Crime, Comédia, Ação;2018;14
THE HURRICANE HEIST;Ação, Aventura, Crime, Thriller;2018;14
THE INCREDIBLES 2;Ação, Aventura, Animação, Família;2018;L
I FEEL PRETTY;Comédia, Romance;2018;12
ANNABELLE COMES HOME;Terror;2019;14
MEN IN BLACK INTERNATIONAL;Comédia, Ficção científica, Ação, Aventura;2019;12
PAW PATROL: MIGHTYPUPS;Nao Encontrado;Nao Encontrado;Nao Encontrado
THE SECRET LIFE OF PETS 2;Aventura, Animação, Comédia, Família;2019;L
TOY STORY 4;Família, Comédia, Animação, Aventura;2019;L
TURMA DA MÔNICA - LAÇOS;Família, Aventura, Comédia;2019;L
X-MEN: DARK PHOENIX;Ficção científica, Ação, Aventura;2019;12
LONG SHOT;Crime, Documentário;2017;Sem Classificacao
DOLOR Y GLORIA;Drama;2019;16
FAST & FURIOUS 9;Ação, Crime, Thriller;2023;14
THE CONJURING: THE DEVIL MADE ME DO IT;Terror, Mistério, Thriller;2021;14
SPIRIT UNTAMED;Aventura, Animação, Família, Faroeste;2021;L
SPIRAL - FROM THE BOOK OF SAW;Terror, Mistério;2021;14
JURASSIC WORLD: DOMINION;Aventura, Ficção científica, Thriller;2022;12
LIGHTYEAR;Animação, Ficção científica, Família, Aventura;2022;10
MEMORY;Ação, Thriller, Crime;2022;16
ELEMENTAL;Animação, Comédia, Família, Fantasia, Romance;2023;L
INDIANA JONES AND THE DIAL OF DESTINY;Aventura, Ação;2023;14
NO HARD FEELINGS;Comédia, Romance;2023;16
THE FLASH;Ação, Ficção científica, Aventura;2023;14
TRANSFORMERS: RISE OF THE BEASTS;Ficção científica, Aventura, Ação;2023;12
A QUIET PLACE: DAY ONE;Terror, Ficção científica, Thriller;2024;14
BAD BOYS: RIDE OR DIE;Ação, Comédia, Crime;2024;Sem Classificacao
HARRY POTTER AND THE PRISONER OF AZKABAN;Aventura, Fantasia;2004;12
HIT MAN;Comédia, Romance, Crime;2024;14
INSIDE OUT 2;Animação, Aventura, Comédia, Família;2024;L
THE WATCHERS;Fantasia, Terror, Mistério;2024;14
TÔ DE GRAÇA - O FILME;Comédia;2024;12
28 YEARS LATER;Terror, Thriller, Ficção científica;2025;18
ELIO;Aventura, Animação, Comédia, Família, Ficção científica;2025;L
F1 THE MOVIE;Drama, Ação, Documentário;2022;Sem Classificacao
HOW TO TRAIN YOUR DRAGON;Fantasia, Família, Ação, Aventura;2025;10
M3GAN 2.0;Ação, Ficção científica, Thriller;2025;16
BLENDED;Comédia, Romance;2014;12
DAWN OF THE PLANET OF THE APES;Ficção científica, Ação, Drama, Thriller;2014;Sem Classificacao
GUARDIANS OF THE GALAXY;Ação, Ficção científica, Aventura;2014;12
PLANES FIRE AND RESCUE;Animação, Comédia, Aventura, Família;2014;L
TRANSFORMERS: AGE OF EXTINCTION;Ficção científica, Ação, Aventura;2014;12
KHUMBA;Animação, Aventura, Família;2013;L
ANT-MAN;Ficção científica, Aventura, Ação;2015;12
CARROSSEL - O FILME;Comédia, Família;2015;L
INSIDIOUS: CHAPTER 3;Terror, Thriller;2015;14
MAGIC MIKE XXL;Comédia, Drama;2015;16
MEU PASSADO ME CONDENA 2;Comédia, Romance;2015;12
PAPER TOWNS;Mistério, Drama, Romance;2015;12 Anos
PIXELS;Ação, Comédia, Ficção científica;2015;10
TERMINATOR GENISYS;Ficção científica, Ação, Thriller;2015;12
THE GALLOWS;Terror;2015;Sem Classificacao
SAMBA;Drama, Comédia;2014;12
QU'EST-CE QU'ON A FAIT DU BON DIUE?;Nao Encontrado;Nao Encontrado;Nao Encontrado
CARROSSEL 2 - O SUMIÇO DE MARIA JOAQUINA;Aventura, Comédia, Família;2016;L
ENTRE IDAS E VINDAS;Romance, Comédia;2016;12
GHOSTBUSTERS III;Nao Encontrado;Nao Encontrado;Nao Encontrado
ICE AGE: COLLISION COURSE;Aventura, Animação, Família, Comédia, Ficção científica;2016;L
JASON BOURNE;Ação, Aventura, Thriller;2016;14
THE BFG;Aventura, Família, Fantasia;2016;L
THE LEGEND OF TARZAN;Fantasia, Ação, Aventura;2016;12
THE NICE GUYS;Comédia, Crime, Ação;2016;14
FLORENCE FOSTER JENKINS;Comédia, Drama;2016;10
MIKE AND DAVE NEED WEDDING DATES;Comédia;2016;16
JULIETA;Drama, Romance;1996;14
BABY DRIVER;Ação, Crime;2017;14
CARS 3;Animação, Drama, Família;2017;L
D.P.A. - DETETIVES DO PRÉDIO AZUL;Família, Aventura, Mistério;2017;10
DUNKIRK;Guerra, Ação, Drama;2017;14
SPIDER-MAN: HOMECOMING;Ação, Aventura, Ficção científica;2017;12
TRANSFORMERS: THE LAST KNIGHT;Ação, Aventura, Ficção científica;2017;12
WISH UPON;Terror, Thriller, Fantasia;2017;Sem Classificacao
O FILME DA MINHA VIDA;Drama;2017;14
MR. & MRS. ADELMAN;Comédia, Romance;2002;L
ANT-MAN AND THE WASP;Ação, Aventura, Ficção científica;2018;12
HOTEL TRANSYLVANIA 3: SUMMER VACATION;Animação, Comédia, Família, Fantasia;2018;L
MISSION: IMPOSSIBLE - FALLOUT;Ação, Aventura;2018;14
SKYSCRAPER;Ação, Thriller, Aventura;2018;14
UMA QUASE DUPLA;Comédia;2018;12
ANA E VITÓRIA;Romance, Comédia, Música;2018;14
MULHERES ALTERADAS;Comédia;2018;12
SPIDER-MAN: FAR FROM HOME;Ação, Aventura, Ficção científica;2019;10
THE LION KING;Animação, Família, Drama;1994;L
THE HUSTLE;Comédia, Crime;2019;12
A QUIET PLACE: PART II;Ficção científica, Thriller, Terror;2021;12
BLACK WIDOW;Ação, Aventura, Ficção científica;2021;12
JUNGLE CRUISE;Fantasia, Comédia, Aventura;2021;12
OLD;Thriller, Mistério, Terror;2021;14
SPACE JAM: A NEW LEGACY;Família, Comédia, Aventura, Animação, Ficção científica;2021;L
THE CROODS: A NEW AGE;Animação, Família, Aventura, Fantasia, Comédia;2020;L
DC LEAGUE OF SUPERPETS;Família, Comédia, Aventura, Animação, Ficção científica;2022;L
ELVIS;Música, História, Drama;2022;14
PLUFT, O FANTASMINHA;Família, Comédia, Fantasia;1962;Sem Classificacao
THE BLACK PHONE;Terror, Thriller;2022;16
THOR: LOVE AND THUNDER;Fantasia, Ação, Comédia;2022;14
GOOD LUCK TO YOU, LEO GRANDE;Romance, Drama;2022;16
BARBIE;Comédia, Aventura, Fantasia;2023;12
HAUNTED MANSION;Comédia, Drama, Fantasia;2023;12
INSIDIOUS: THE RED DOOR;Terror, Thriller;2023;12
MISSION: IMPOSSIBLE - DEAD RECKONING PART ONE;Ação, Aventura, Thriller;2023;12
OS AVENTUREIROS - A ORIGEM;Família, Ficção científica;2023;L
DEADPOOL & WOLVERINE;Ação, Comédia, Ficção científica;2024;18
DESPICABLE ME 4;Ação, Animação, Comédia, Família, Ficção científica;2024;L
MAXXXINE;Terror, Thriller;2024;18
TWISTERS;Ação, Thriller;2024;12
I KNOW WHAT YOU DID LAST SUMMER;Terror, Thriller, Mistério;2025;16
JURASSIC WORLD: REBIRTH;Ficção científica, Aventura, Ação;2025;14
MATERIALISTS;Romance, Drama;2025;14
SMURFS;Animação, Família, Fantasia;2025;L
SUPERMAN;Ficção científica, Aventura, Ação;2025;14
THE FANTASTIC FOUR: FIRST STEPS;Ficção científica, Aventura, Ação;2025;12
INTO THE STORM;Ação, Thriller;2014;Sem Classificacao
LUCY;Ação, Ficção científica;2014;16
SEX TAPE;Comédia;2014;16
TEENAGE MUTANT NINJA TURTLES;Ficção científica, Ação, Aventura, Comédia;2014;12
THE EXPENDABLES 3;Ação, Aventura, Thriller;2014;14
THE NUT JOB;Animação, Comédia, Família, Aventura;2014;10
VESTIDO PRA CASAR;Comédia;2014;Sem Classificacao
CHEF;Comédia;2014;12
MAGIC IN THE MOONLIGHT;Comédia, Drama, Romance;2014;12
THE HUNDRED FOOT JOURNEY;Drama, Comédia;2014;10
22 JUMP STREET;Crime, Comédia, Ação;2014;14
HITMAN: AGENT 47;Ação, Crime, Thriller;2015;16
LINDA DE MORRER;Comédia;2015;10
MISSION: IMPOSSIBLE - ROGUE NATION;Ação, Aventura;2015;14
TED 2;Comédia, Fantasia;2015;16
THE FANTASTIC FOUR;Ficção científica, Aventura, Ação;2025;12
THE LITTLE PRINCE;Aventura, Animação, Fantasia, Família;2015;L
THE VATICAN TAPES;Thriller, Terror;2015;Sem Classificacao
PITCH PERFECT 2;Comédia, Música;2015;12
QUE HORAS ELA VOLTA?;Drama;2015;12
SNOWPIERCER;Ação, Animação, Drama, Ficção científica;2013;Sem Classificacao
IRRATIONAL MAN;Drama, Comédia;2015;14
WOMAN IN GOLD;Drama;2015;10
BAD MOMS;Comédia;2016;Sem Classificacao
LIGHTS OUT;Terror;2016;14
NERVE;Mistério, Aventura, Crime;2016;12
SUICIDE SQUAD;Ação, Comédia, Aventura;2021;16
THE SECRET LIFE OF PETS;Aventura, Animação, Comédia, Família;2019;L
THE SHALLOWS;Terror, Drama, Thriller;2016;14
CAFÉ SOCIETY;Comédia, Drama, Romance;2016;12
STAR TREK BEYOND;Ação, Aventura, Ficção científica;2016;12
ANNABELLE: CREATION;Terror;2017;14
ATOMIC BLONDE;Ação, Thriller;2017;16
BINGO - O REI DAS MANHÃS;Comédia, Drama;2017;16
DARK TOWER;Fantasia, Ação, Ficção científica;2017;12
HAPPY FAMILY;Comédia;2010;Sem Classificacao
MALASARTES E O DUELO COM A MORTE;Comédia, Fantasia;2017;Sem Classificacao
SNOW QUEEN 3;Família, Animação, Fantasia, Comédia;2016;L
THE EMOJI MOVIE;Animação, Família, Comédia;2017;L
THE HITMAN´S BODYGUARD;Ação, Comédia, Crime, Thriller;2017;14
VALERIAN AND THE CITY OF A THOUSAND PLANETS;Aventura, Ficção científica, Ação;2017;12
WAR FOR THE PLANET OF THE APES;Drama, Ficção científica, Guerra;2017;14
JOÃO, O MAESTRO;Drama;2017;14
THE BEGUILED;Drama;2017;14
COMO NOSSOS PAIS;Drama;2017;Sem Classificacao
ADRIFT;Thriller, Romance, Aventura;2018;12
CHRISTOPHER ROBIN;Aventura, Comédia, Família, Fantasia;2018;L
GOD'S NOT DEAD: A LIGHT IN DARKNESS;Drama;2018;12
MAMMA MIA! HERE WE GO AGAIN;Comédia, Romance;2018;10
O CANDIDATO HONESTO 2;Comédia;2018;14
SLENDER MAN;Terror, Mistério, Thriller;2018;12
TEEN TITANS GO! TO THE MOVIES;Animação, Ação, Comédia, Ficção científica;2018;Sem Classificacao
THE DARKEST MINDS;Ação, Aventura, Drama;2018;12
THE EQUALIZER 2;Ação, Thriller, Crime;2018;16
THE MEG;Ação, Ficção científica, Terror;2018;14
THE SPY WHO DUMPED ME;Comédia, Ação, Aventura;2018;16
LOVING PABLO;Crime, Drama;2017;16
ANNA;Ação, Aventura, Thriller;2019;16
BACURAU;Mistério, Faroeste, Thriller;2019;16
CHILD´S PLAY;Terror;1988;16
FAST & FURIOUS PRESENTS: HOBBS & SHAW;Ação, Crime, Thriller;2023;14
IT;Terror, Thriller, Drama;2017;16
NADA A PERDER 2;Drama;2019;Sem Classificacao
ONCE UPON A TIME IN HOLLYWOOD;Comédia, Drama, Thriller;2019;16
SCARY STORIES TO TELL IN THE DARK;Terror, Mistério;2019;14
YESTERDAY;Comédia, Fantasia, Música, Romance;2019;12
SIMONAL;Drama;2019;Sem Classificacao
CANDYMAN;Drama, Terror, Thriller;1992;16
DON´T BREATHE 2;Thriller, Terror;2021;16
FREE GUY;Comédia, Aventura, Ficção científica;2021;12
PETER RABBIT 2: THE RUNAWAY;Comédia, Família, Aventura;2021;L
THE BOSS BABY: FAMILY BUSINESS;Animação, Comédia, Aventura, Família;2021;L
THE SUICIDE SQUAD;Ação, Comédia, Aventura;2021;16
WRATH OF MAN;Thriller, Crime, Drama;2021;16
BEAST;Ação, Drama;2026;Sem Classificacao
BULLET TRAIN;Ação, Comédia, Thriller;2022;16
DRAGON BALL SUPER: SUPER HERO;Animação, Ficção científica, Ação;2022;12
NOPE;Terror, Ficção científica;2022;14
O PALESTRANTE;Comédia, Drama;2022;14
PAWS OF FURY: THE LEGEND OF HANK;Animação, Aventura, Comédia, Família;2022;L
WHERE THE CRAWDADS SING;Drama, Mistério, Romance;2022;14
AFTER EVER HAPPY;Romance, Drama;2022;14
GRAN TURISMO;Aventura, Drama, Ação;2023;12
TALK TO ME;Terror;2023;16
TEENAGE MUTANT NINJA TURTLES: MUTANT MAYHEM;Animação, Comédia, Ação, Ficção científica;2023;10
THE LAST VOYAGE OF THE DEMETER;Terror, Fantasia;2023;16
THE MEG 2;Ação, Ficção científica, Terror;2023;14
GOLDA;Drama, História, Guerra;2023;Sem Classificacao
ALIEN: ROMULUS;Terror, Ficção científica;2024;16
CORALINE 15TH ANNIVERSARY;Nao Encontrado;Nao Encontrado;Nao Encontrado
HAROLD AND THE PURPLE CRAYON;Família, Comédia, Aventura, Fantasia;2024;L
HARRY POTTER AND THE CHAMBER OF SECRETS;Aventura, Fantasia;2002;L
HARRY POTTER AND THE PHILOSOPHER'S STONE;Aventura, Fantasia;2001;L
IT ENDS WITH US;Drama, Romance;2024;14
LONGLEGS;Crime, Terror, Mistério;2024;18
THE CROW;Fantasia, Ação, Thriller;1994;16
THE EXORCISM;Terror, Crime, Drama, Fantasia;2022;16
TRAP;Ação, Crime, Thriller;2025;16
BLINK TWICE;Mistério, Thriller;2024;16
WIDOW CLICQUOT;Drama;2024;14
BRING HER BACK;Terror;2025;18
FREAKIER FRIDAY;Comédia, Fantasia, Família;2025;10
THE BAD GUYS 2;Família, Comédia, Crime, Aventura, Animação;2025;L
THE NAKED GUN;Ação, Comédia, Crime;2025;14
THE ROSES;Comédia, Drama, Romance;2025;16
TOGETHER;Terror, Romance;2025;16
WEAPONS;Terror, Mistério;2025;18
CAUGHT STEALING;Crime, Thriller, Comédia;2025;16
O ÚLTIMO AZUL;Drama, Aventura, Ficção científica;2025;14
BELLE ET LA BÊTE, LA;Fantasia, Romance;2014;12
DELIVER US FROM EVIL;Thriller, Crime, Terror;2014;16
DOLPHIN TALE 2;Família, Drama;2014;Sem Classificacao
HERCULES;Ação, Aventura;2014;14
IF I STAY;Drama;2014;12
SAINT SEYA - LEGENDS OF SANCTUARY;Nao Encontrado;Nao Encontrado;Nao Encontrado
THE EQUALIZER;Thriller, Ação, Crime;2014;16
THE GIVER;Drama, Ficção científica;2014;12
THE MAZE RUNNER;Ação, Mistério, Ficção científica, Thriller;2014;14
LEGENDS OF OZ: DOROTHY'S RETURN;Animação, Família, Fantasia;2014;L
RIO, EU TE AMO;Romance, Drama;2014;Sem Classificacao
BEGIN AGAIN;Comédia, Música, Romance, Drama;2014;12
A ESPERANÇA É A ÚLTIMA QUE MORRE;Comédia;2015;12
EVEREST;Aventura, Drama, História;2015;12
MAN FROM U.N.C.L.E;Comédia, Ação, Aventura;2015;14
MAZE RUNNER: SCORCH TRIALS;Ficção científica, Ação, Thriller, Aventura;2015;14
SHAUN THE SHEEP MOVIE;Família, Animação, Comédia, Aventura;2015;Sem Classificacao
SINISTER 2;Terror;2015;14
THE INTERN;Comédia;2015;10
THE TRANSPORTER REFUELED;Ação, Thriller, Crime;2015;14
VACATION;Comédia, Aventura;2015;14
VAI QUE COLA - O FILME;Comédia;2015;12
DO YOU BELIEVE?;Drama;2015;Sem Classificacao
RICKI AND THE FLASH;Comédia, Drama, Música;2015;14
A MAN IN THE DARK;Terror, Mistério, Drama;2019;Sem Classificacao
AQUARIUS;Drama;2016;16
BLAIR WITCH;Terror, Mistério;1999;14
BRIDGET JONE'S BABY;Nao Encontrado;Nao Encontrado;Nao Encontrado
DESCULPE O TRANSTORNO;Comédia;2016;12
MASTERMINDS;Ação, Comédia, Crime;2016;12
MISS PEREGRINE'S HOME FOR PECULIAR CHILDREN;Ação, Aventura, Fantasia, Mistério, Thriller;2016;12
PETE´S DRAGON;Aventura, Família, Fantasia;2016;L
STORKS;Aventura, Animação, Comédia, Família;2016;L
THE MAGNIFICENT SEVEN;Aventura, Ação, Faroeste;2016;14
TÔ RYCA!;Comédia;2016;12
UM NAMORADO PARA MINHA MULHER;Comédia;2016;Sem Classificacao
BLOOD FATHER;Ação, Thriller, Drama;2016;14
WAR DOGS;Comédia, Crime, Drama;2016;16
AMERICAN ASSASSIN;Ação, Aventura, Thriller;2017;16
AMERICAN MADE;Comédia, Crime, Drama;2017;16
AMITYVILLE: THE AWAKENING;Terror;2017;14
DIVÓRCIO;Comédia;2017;12
DUAS DE MIM;Comédia;2017;12
KINGSMAN: THE GOLDEN CIRCLE;Ação, Aventura, Comédia, Crime, Ficção científica;2017;16
LINO - UMA AVENTURA DE SETE VIDAS;Animação, Família, Aventura;2017;L
MOTHER!;Música, Drama, Thriller;2026;Sem Classificacao
POLÍCIA FEDERAL - A LEI É PARA TODOS;Ação, Thriller, Crime;2017;12
THE CASE FOR CHRIST;Drama;2017;12
THE LEGO NINJAGO MOVIE;Ação, Aventura, Animação, Comédia, Família;2017;L
A SIMPLE FAVOR;Thriller, Comédia, Mistério;2018;16
ALPHA;Terror, Drama, Ficção científica;2025;18
CRÔ EM FAMILIA;Comédia;2018;12
HOUSE WITH A CLOCK IN ITS WALLS;Comédia, Família, Fantasia, Terror, Mistério;2018;10
MILE 22;Ação, Thriller;2018;14
SEARCHING;Drama, Cinema TV;2017;Sem Classificacao
SMALLFOOT;Família, Comédia, Aventura, Animação, Fantasia;2018;L
THE FIRST PURGE;Ação, Terror, Thriller;2018;18
THE HEALER;Família, Drama, Comédia;2017;10
THE NUN;Terror;2018;14
THE PREDATOR;Ficção científica, Ação, Thriller;2018;18
O PACIENTE, O CASO TANCREDO NEVES;Drama, História;2018;10
ABOMINABLE;Família, Animação, Aventura, Comédia, Fantasia;2019;L
AD ASTRA;Ficção científica, Drama;2019;14
CRAWL;Terror, Thriller;2019;16
DIVALDO – O MENSAGEIRO DA PAZ;Drama;2019;Sem Classificacao
HEBE - A ESTRELA DO BRASIL;Drama, História;2019;L
IT: CHAPTER TWO;Terror, Thriller, Drama;2019;16
RAMBO: LAST BLOOD;Ação, Thriller, Drama;2019;18
THE QUEEN´S CORGI;Família, Animação, Comédia;2019;L
VAI QUE COLA 2 - O COMEÇO;Comédia;2019;10
FANTASY ISLAND;Aventura, Fantasia, Terror, Mistério;2020;16
AFTER WE FELL;Drama, Romance;2021;16
AINBO - THE SPIRIT OF THE AMAZON;Aventura, Animação, Família, Fantasia;2021;L
ESCAPE ROOM: TOURNAMENT OF CHAMPIONS;Terror, Thriller, Mistério;2021;14
MALIGNANT;Terror, Mistério;2021;16
PAW PATROL: THE MOVIE;Aventura, Animação, Comédia, Família, Ficção científica;2023;L
SHANG-CHI AND THE LEGEND OF THE TEN RINGS;Ação, Aventura, Fantasia;2021;12
THE NIGHT HOUSE;Terror, Mistério;2021;14
AVATAR;Ficção científica, Aventura, Fantasia;2025;14
DON'T WORRY DARLING;Ficção científica, Mistério, Thriller, Terror;2022;16
ORPHAN: FIRST KILL;Terror, Thriller;2022;16
PREDESTINADO: ARIGÓ E O ESPÍRITO DO DR. FRITZ;Drama;2022;14
SMILE;Terror, Mistério;2022;16
THE FALL;Ação, Comédia, Romance;2024;14
THE WOMAN KING;Ação, Drama, História, Guerra;2022;16
TICKET TO PARADISE;Drama, Comédia, Romance;2022;12
A HAUNTING IN VENICE;Mistério, Thriller, Crime;2023;14
SAW X;Terror, Mistério;2023;18
SOUND OF FREEDOM;Ação, Drama;2023;14
THE CREATOR;Ficção científica, Ação, Aventura;2023;14
THE EXPENDABLES 4;Ação, Aventura, Thriller;2023;18
THE NUN 2;Terror;2021;Sem Classificacao
NOSSO SONHO;Drama, Comédia, Música;2023;12
ELIS & TOM, SÓ TINHA DE SER COM VOCÊ;Drama;2016;14
BEETLEJUICE BEETLEJUICE;Comédia, Fantasia, Terror;2024;14
HELLBOY: THE CROOKED MAN;Fantasia, Terror, Ação;2024;16
JUNG KOOK: I AM STILL;Documentário, Música;2024;Sem Classificacao
SILVIO;Thriller, Crime;2024;14
SPEAK NO EVIL;Terror, Thriller;2024;18
THE FORGE;Drama, Família;2024;L
THE WILD ROBOT;Família, Animação, Ficção científica, Aventura;2024;L
TRANSFORMERS ONE;Animação, Ficção científica, Aventura, Família;2024;10
DRAGONKEEPER;Animação, Família, Ação, Aventura, Fantasia;2024;L
COUP DE CHANCE;Drama;2023;12
THE SUBSTANCE;Terror, Ficção científica, Thriller;2024;18
THE CONJURING: LAST RITES;Terror;2025;16
THE LONG WALK;Ficção científica, Thriller, Terror;2025;18
TOY STORY;Família, Comédia, Animação, Aventura;1995;L
A BIG BOLD BEAUTIFUL JOURNEY;Romance, Fantasia, Drama;2025;12
ANNABELLE;Terror;2014;14
DRACULA UNTOLD;Terror, Ação, Fantasia;2014;14
GONE GIRL;Mistério, Thriller, Drama;2014;14
O CANDIDATO HONESTO;Comédia;2014;12
THE BOOK OF LIFE;Animação, Família, Fantasia;2014;L
THE BOXTROLLS;Animação, Comédia, Família, Fantasia;2014;L
TIM MAIA;Drama, Música, História;2014;14
TOKAREV;Ação;1994;Sem Classificacao
TRASH;Aventura, Crime, Drama, Thriller, Mistério;2014;14
ALEXANDER AND THE TERRIBLE, HORRIBLE, NOT GOOD, VERY BAD DAY;Família, Comédia;2014;L
THE JUDGE;Drama;2014;12
LEFT BEHIND;Thriller, Ação, Ficção científica;2014;Sem Classificacao
NA QUEBRADA;Drama;2014;Sem Classificacao
THE PHYSICIAN;Aventura, Drama, História;2013;12
AND SO IT GOES;Comédia, Drama, Romance;2014;Sem Classificacao
THE BEST OF ME;Drama, Romance;2014;14
HARRY POTTER AND THE GOBLET OF FIRE;Aventura, Fantasia;2005;10
GOOSEBUMPS;Aventura, Terror, Comédia;2015;10
PAN;Fantasia, Aventura, Família, Ação;2015;10
PARANORMAL ACTIVITY: THE GHOST DIMENSION;Terror, Thriller;2015;14
POSSESSION OF MICHAEL KING;Terror;2014;Sem Classificacao
S.O.S. MULHERES AO MAR 2;Comédia, Romance;2015;14
THE MARTIAN;Ficção científica, Drama, Aventura;2015;12
CRIMSON PEAK;Terror, Mistério, Romance, Drama;2015;16
OPERAÇÕES ESPECIAIS (EX BOLETIM DE OCORRÊNCIA B.O);Nao Encontrado;Nao Encontrado;Nao Encontrado
GRACE OF MONACO;Romance, Drama;2014;12
THE 33;Drama, História;2015;12
THE WALK;Ficção científica, Thriller, Terror;2025;18
INFERNO;Terror;2024;Sem Classificacao
KUBO AND THE TWO STRINGS;Animação, Aventura, Família;2016;10
MECHANIC: RESSURRECTION;Nao Encontrado;Nao Encontrado;Nao Encontrado
O SHAOLIN DO SERTÃO;Comédia;2016;12
OUIJA: ORIGIN OF EVIL;Terror;2016;14
SAUSAGE PARTY;Aventura, Animação, Comédia, Fantasia;2016;16
THE ACCOUNTANT;Mistério, Crime, Thriller;2025;16
THE GIRL ON THE TRAIN;Crime, Mistério, Thriller;2016;14
TROLLS;Aventura, Animação, Comédia, Família, Fantasia, Música;2016;L
É FADA!;Comédia, Fantasia;2016;12
THE HALLOW;Terror, Fantasia;2015;Sem Classificacao
BLADE RUNNER 2049;Ficção científica, Drama;2017;14
CAPTAIN UNDERPANTS: THE FIRST EPIC MOVIE;Família, Comédia, Animação, Ficção científica, Ação;2017;L
CHOCANTE;Comédia;2017;12
COMO SE TORNAR O PIOR ALUNO DA ESCOLA;Comédia;2017;18
FLATLINERS;Drama, Ficção científica, Terror;1990;Sem Classificacao
GEOSTORM;Ação, Ficção científica, Thriller;2017;12
HAPPY DEATH DAY;Comédia, Terror, Mistério;2017;14
WOODY WOODPECKER;Comédia, Família, Animação;2017;L
CHURCHILL;Drama, História;2017;14
MARK FELT;Drama, História, Thriller;2017;10
CINDERELLA AND THE SECRET PRINCE;Animação, Aventura, Família, Fantasia;2018;L
FIRST MAN;História, Drama;2018;12
GOOSEBUMPS 2: HAUNTED HALLOWEEN;Comédia, Fantasia, Terror, Família;2018;L
HALLOWEEN;Terror, Thriller;1978;18
HUNTER KILLER;Ação, Thriller;2018;14
INCIDENT IN A GHOSTLAND;Documentário, Terror;2018;Sem Classificacao
PEPPERMINT;Ação, Thriller;2018;14
TUDO POR UM POP STAR;Comédia, Música;2018;L
VENOM;Ficção científica, Ação;2018;14
PAPILLON;Aventura, Crime, Drama;2017;16
ELA DISSE, ELE DISSE;Comédia, Romance;2019;12
GEMINI MAN;Ficção científica, Ação, Aventura, Thriller, Drama;2019;14
JOKER;Crime, Thriller, Drama;2019;16
TERMINATOR: DARK FATE;Ficção científica, Ação, Aventura, Thriller;2019;14
THE ANGRY BIRDS MOVIE 2;Animação, Aventura, Comédia, Família;2019;L
ZOMBIELAND: DOUBLE TAP;Terror, Comédia;2019;16
DOWNTOWN ABBEY;Drama, Romance, História;2019;12
LA ODISEA DE LOS GILES;Comédia, Thriller;2019;12
HALLOWEEN KILLS;Terror;2021;16
RON'S GONE WRONG;Animação, Ficção científica, Família, Comédia;2021;14
VENOM: LET THERE BE CARNAGE;Ficção científica, Ação, Aventura;2021;14
BLACK ADAM;Ação, Aventura, Ficção científica;2022;14
BODIES BODIES BODIES;Comédia, Mistério, Terror;2022;16
HALLOWEEN ENDS;Terror, Thriller;2022;18
LAST SEEN ALIVE;Ação, Thriller;2022;16
ONE PIECE FILM: RED;Animação, Aventura, Ação, Fantasia;2022;12
THE INVITATION (AKA BRIDE);Nao Encontrado;Nao Encontrado;Nao Encontrado
AMSTERDAM;Mistério, Comédia, Drama;2022;16
OS SUBURBANOS - O FILME;Comédia;2022;12
EQUALIZER 3;Ação, Thriller, Crime;2023;18
FIVE NIGHTS AT FREDDY'S;Terror, Thriller;2023;14
THE EXORCIST: BELIEVER;Terror;2023;16
MEU NOME É GAL;História, Drama, Música;2023;16
JOKER: FOLIE À DEUX;Drama, Crime, Thriller;2024;16
SMILE 2;Terror, Música, Mistério, Thriller;2024;18
TERRIFIER 3;Terror;2024;18
TUDO POR UM POP STAR 2;Comédia;2024;Sem Classificacao
VENOM: THE LAST DANCE;Ficção científica, Ação, Aventura;2024;14
WE LIVE IN TIME;Romance, Drama;2024;14
THE ROOM NEXT DOOR;Mistério, Thriller, Terror;1994;Sem Classificacao
CHAINSAW MAN – THE MOVIE: REZE ARC;Animação, Ação, Romance, Fantasia;2025;18
FRANKENSTEIN;Drama, Fantasia, Terror;2025;18
GABBY'S DOLLHOUSE: THE MOVIE;Aventura, Animação, Comédia, Família, Fantasia;2025;L
KPOP DEMON HUNTERS;Fantasia, Música, Comédia, Animação;2025;10
PERRENGUE FASHION;Comédia, Aventura;2025;14
REGRETTING YOU;Romance, Drama;2025;16
THE BLACK PHONE 2;Terror, Thriller;2025;18
THE SMASHING MACHINE;Drama, História, Ação;2025;16
TRON: ARES;Ficção científica, Aventura, Ação;2025;12
AFTER THE HUNT;Drama;2025;16
MADE IN CHINA;Comédia, Drama;2019;Sem Classificacao
BOA SORTE;Drama;2014;16
HORRIBLE BOSSES 2;Comédia;2014;Sem Classificacao
IRMÃ DULCE;Drama, História;2014;10
SCOUTS GUIDE TO THE ZOMBIE APOCALYPSE;Comédia, Terror;2015;16
SNOW QUEEN 2;;;Sem Classificacao
THE VISIT;Terror, Thriller;2015;14
BLACK MASS;Drama, Crime, História;2015;16
DEEPWATER HORIZON;Drama, Ação;2016;12
PEQUENO SEGREDO;Drama;2016;Sem Classificacao
SOB PRESSÃO;Drama;2016;Sem Classificacao
I.T.;Thriller, Crime;2016;14
DADDY'S HOME 2;Comédia;2017;12
GOSTO SE DISCUTE;Comédia;2017;12
NEVESTA;Comédia;1969;Sem Classificacao
THE MOUNTAIN BETWEEN US;Drama, Aventura, Romance;2017;12
WIND RIVER;Crime, Mistério, Drama, Thriller;2017;16
THE SNOWMAN;Crime, Thriller, Mistério, Terror;2017;Sem Classificacao
THE SON OF BIGFOOT;Família, Animação, Comédia;2017;L
VICTORIA AND ABDUL;Drama, História;2017;Sem Classificacao
AN INTERVIEW WITH GOD;Drama, Mistério;2018;L
HELL FEST;Terror, Thriller;2018;16
INSTANT FAMILY;Comédia, Drama;2018;12
JOHNNY ENGLISH STRIKES AGAIN;Ação, Aventura, Comédia;2018;L
O DOUTRINADOR - O FILME;Nao Encontrado;Nao Encontrado;Nao Encontrado
OS EXTERMINADORES DO ALÉM CONTRA A LOIRA DO BANHEIRO;Terror, Comédia;2018;16
OVERLORD;Terror, Guerra, Ficção científica;2018;16
QUEEN - BOHEMIAN RHAPSODY;Documentário;2019;Sem Classificacao
SEQUESTRO RELÂMPAGO;Crime, Drama, Thriller;2018;16
THE GIRL IN THE SPIDER´S WEB;Ação, Crime, Thriller;2018;16
THE POSSESSION OF HANNAH GRACE;Terror, Drama;2018;Sem Classificacao
CHARMING;Animação, Aventura, Comédia, Família, Fantasia, Música, Romance;2018;Sem Classificacao
WIDOWS;Drama, Crime, Thriller;2018;16
ANGEL HAS FALLEN;Ação, Thriller;2019;14
CARCEREIROS - O FILMES;Nao Encontrado;Nao Encontrado;Nao Encontrado
CHARLIE´S ANGELS;Ação, Comédia, Aventura;2000;12
DOCTOR SLEEP;Terror, Fantasia;2019;16
FORD V FERRARI;Drama, Ação, História;2019;12
LAST CHRISTMAS;Comédia, Drama, Romance;2019;12
MIDWAY;Ação, Guerra, História;2019;14
OS PARÇAS 2;Comédia;2019;12
HUSTLERS;Drama, Comédia, Crime;2019;16
CRAFT, THE;Terror, Drama, Fantasia;1996;12
TRAIN TO BUSAN PRESENTS: PENINSULA;Terror, Ação, Thriller, Aventura;2020;14
CLIFFORD THE BIG RED DOG;Família, Aventura, Comédia, Fantasia;2021;L
ETERNALS;Ficção científica, Ação, Aventura;2021;12
GHOSTBUSTERS: AFTERLIFE;Fantasia, Comédia, Aventura;2021;12
GOD'S NOT DEAD: WE THE PEOPLE;Drama;2021;12
MARIGHELLA;Drama, História, Ação;2021;16
PREY FOR THE DEVIL;Terror, Thriller;2022;14
STRANGE WORLD;Animação, Família, Aventura, Fantasia, Ficção científica;2022;L
NADA É POR ACASO;Drama;2022;14
ALL FUN AND GAMES;Terror, Thriller;2023;16
IT LIVES INSIDE;Terror, Mistério;2023;Sem Classificacao
MUSSUM, O FILMIS;Drama, História, Comédia;2023;12
TAYLOR SWIFT - THE ERAS TOUR;Música;2023;L
THE HUNGER GAMES – BALLAD OF SONGBIRDS AND SNAKES;Ficção científica, Ação;2023;14
THE MARVELS;Ficção científica, Aventura, Ação;2023;12
ARCA DE NOÉ;Animação, Música, Comédia, Fantasia, Família;2024;L
RED ONE;Animação, Aventura, Ação, Fantasia;2022;12
JUJUTSU KAISEN: EXECUTION;Animação, Ação, Fantasia;2025;18
PREDATOR: BADLANDS;Ação, Ficção científica, Aventura;2025;16
THE RUNNING MAN;Ação, Thriller, Ficção científica;2025;18
A WALK AMONG THE TOMBSTONES;Crime, Drama, Mistério, Thriller;2014;16
PADDINGTON;Comédia, Aventura, Família;2014;L
BEM CASADOS;Romance, Comédia;2015;12
THE GIFT;Terror, Drama, Thriller, Mistério;2000;Sem Classificacao
FALLEN;Crime, Drama, Thriller;1998;16
O ÚLTIMO VIRGEM;Comédia, Romance;2016;Sem Classificacao
ROBINSON CRUSOE;Aventura, Drama;1954;Sem Classificacao
MALICIOUS;Thriller, Terror;2018;Sem Classificacao
21 BRIDGES;Crime, Ação, Drama;2019;16
RESIDENT EVIL: WELCOME TO RACCOON CITY;Ação, Terror, Ficção científica;2021;16
THE ICE ROAD;Ação, Thriller;2021;14
THE MENU;Comédia, Terror;2022;16
O SEQUESTRO DO VOO 375;Thriller, Drama;2023;14
THANKSGIVING;Terror, Mistério;2023;18
